{"cameraMode":{"drawMode":0,"name":"Shaded","section":"Shading Mode"},"sceneLighting":true,"audioPlay":false,"sceneViewState":{"showFog":true,"showMaterialUpdate":false,"showSkybox":true,"showFlares":true,"showImageEffects":true,"showParticleSystems":true},"in2DMode":false,"pivot":{"x":183.65338134765626,"y":146.64927673339845,"z":35.5010986328125},"rotation":{"x":0.19165970385074616,"y":0.22689184546470643,"z":-0.045561183243989947,"w":0.953787624835968},"size":472.4629821777344,"orthographic":false}