{"cameraMode":{"drawMode":0,"name":"Shaded","section":"Shading Mode"},"sceneLighting":false,"audioPlay":false,"sceneViewState":{"showFog":true,"showMaterialUpdate":false,"showSkybox":true,"showFlares":true,"showImageEffects":true,"showParticleSystems":true},"in2DMode":false,"pivot":{"x":0.1892857551574707,"y":-2.473468780517578,"z":56.28755187988281},"rotation":{"x":0.14526475965976716,"y":-0.0152926379814744,"z":0.0022761509753763677,"w":0.9892719984054565},"size":168.48988342285157,"orthographic":false}